essay_set,rating_trait,n_targets,n_raters,icc_c_single,icc_c_average,icc_a_single,icc_a_average,ms_rows,ms_cols,ms_error,boot_n,icc_c_single_ci_low,icc_c_single_ci_high,icc_c_average_ci_low,icc_c_average_ci_high,icc_a_single_ci_low,icc_a_single_ci_high,icc_a_average_ci_low,icc_a_average_ci_high
all_essays,Machiavellianism,412,4,0.6607262347689722,0.8862329193280595,0.5677908961252413,0.8401222644094831,1.6189063250498035,36.792324029126235,0.18417824648225573,2000,0.6080928125309489,0.7059464617940592,0.8612363474553725,0.9056867584853049,0.5093743312459279,0.6168199402071275,0.8059328153217961,0.8655725445995597
all_essays,Narcissism,412,4,0.41656494186538084,0.7406603546861003,0.2719038737084394,0.5990023317467613,0.947467464884894,92.56112206715211,0.24571587628970817,2000,0.34671964999566757,0.4760592720360177,0.6797894664751722,0.784224728181924,0.21490380917145654,0.3253744831470719,0.5226541399355163,0.6586116534059616
all_essays,Psychopathy,412,4,0.4878969319971558,0.7921398785772719,0.45110006789866575,0.766753119198624,0.9383235383087007,12.994791666666659,0.19504004460665048,2000,0.4080169863382213,0.5613359308675365,0.7338266861492851,0.8365637867974325,0.36971612929522407,0.5255254225851828,0.7011666408431163,0.8158507525221449
target_trait_essays,Machiavellianism,132,4,0.6954611834710325,0.9013282660581163,0.6333986861210378,0.8735942996605981,2.3327967974914543,10.005997474747467,0.23018110494255511,2000,0.6180586908848447,0.7579678676171264,0.8661815878494628,0.926072307797336,0.5498769463777261,0.702249910986557,0.8301185720836227,0.9041602585718196
target_trait_essays,Narcissism,141,4,0.5996615786759031,0.8569701305723256,0.4481955503339085,0.7646474488668042,1.8842564448947428,32.34743154058315,0.26950495328154905,2000,0.518863378824039,0.6696859862639476,0.8118053320350995,0.8902267692181036,0.35861423820689076,0.5279804078421136,0.6910239115372482,0.8173257174721664
target_trait_essays,Psychopathy,139,4,0.6294281129607007,0.8716982666662495,0.6242577012237903,0.8692057168399359,1.7359644892781427,0.9146807553956827,0.22272725298022458,2000,0.5097529209946885,0.7184621230866326,0.8061694941564819,0.910775464134204,0.5002784064558364,0.7131790315934858,0.8001781010308822,0.9086422730421643
